<?xml version="1.0" encoding="UTF-8"?>

<!DOCTYPE hibernate-configuration PUBLIC
        "-//Hibernate/Hibernate Configuration DTD 3.0//EN"
        "http://hibernate.org/dtd/hibernate-configuration-3.0.dtd">
<hibernate-configuration>
    <session-factory>
        <property name="hibernate.connection.driver_class">org.h2.Driver</property>
        <property name="hibernate.connection.url">jdbc:h2:tcp://localhost/~/test</property>
        <property name="hibernate.connection.username">sa</property>
        <property name="hibernate.connection.password"></property>
        <property name="hibernate.connection.pool_size">1</property>
         <property name="hibernate.dialect">org.hibernate.dialect.H2Dialect</property>
        <property name="cache.provider_class">org.hibernate.cache.NoCacheProvider</property>
        <property name="hibernate.show_sql">true</property>
        <property name="hibernate.hbm2ddl.auto">create</property>
      

        <mapping class="com.config.HibernateConfig" />
    </session-factory>
</hibernate-configuration>